Kategorie;Dateiname;Quelle;Autor;Titel;Lizenztitel;Lizenz-URL;
Fotos;Antique weapons 3--sxc-nlolv.jpg;FreeImages.com;nlolv;Antique weapons 3;;;
Fotos;boys green eye--sxc-L-O-L-A.jpg;FreeImages.com;L-O-L-A;boys green eye;;;
Fotos;Castle wall--sxc-icekitty37.jpg;FreeImages.com;icekitty37;Castle wall;;;
Fotos;Dark Sunset 4--sxc-saavem.jpg;FreeImages.com;saavem;Dark Sunset 4;;;
Fotos;Drugs Pills--sxc-zomb_kille.jpg;FreeImages.com;zomb_kille;Drugs Pills;;;
Fotos;ear--sxc-13dede.jpg;FreeImages.com;13dede;ear;;;
Fotos;Euro coins texture--sxc-Ayla87.jpg;FreeImages.com;Ayla87;Euro coins texture;;;
Fotos;father and son--sxc-tlst.jpg;FreeImages.com;tlst;father and son;;;
Fotos;Flying--sxc-liesie.jpg;FreeImages.com;liesie;Flying;;;
Fotos;group silhouette--sxc-speculator.jpg;FreeImages.com;speculator;group silhouette;;;
Fotos;Ink Pot--sxc-asafesh.jpg;FreeImages.com;asafesh;Ink Pot;;;
Fotos;Isolated trumpet--sxc-damo_4701.png;FreeImages.com;damo_4701;Isolated trumpet;;;
Fotos;japanese sword katana--sxc-sardinelly.jpg;FreeImages.com;sardinelly;japanese sword katana;;;
Fotos;Knight on a horse--sxc-kamila_t.jpg;FreeImages.com;kamila_t;Knight on a horse;;;
Fotos;Knightly helmet--sxc-salssa.jpg;FreeImages.com;salssa;Knightly helmet;;;
Fotos;Lock 2--sxc-cahdequech.jpg;FreeImages.com;cahdequech;Lock 2;;;
Fotos;Locked up--sxc-babysberme.jpg;FreeImages.com;babysberme;Locked up;;;
Fotos;Lunch wrap--sxc-jaroas.jpg;FreeImages.com;jaroas;Lunch wrap;;;
Fotos;Memento mori--sxc-freetrader.jpg;FreeImages.com;freetrader;Memento mori;;;
Fotos;mouth--sxc-juliaf.jpg;FreeImages.com;juliaf;mouth;;;
Fotos;New york - Brooklyn Bridge--sxc-pinzino.jpg;FreeImages.com;pinzino;New york - Brooklyn Bridge;;;
Fotos;Oli--sxc-Pawel_231.jpg;FreeImages.com;Pawel_231;Oli;;;
Fotos;orange lifesaver 2--sxc-Ayla87.jpg;FreeImages.com;Ayla87;orange lifesaver 2;;;
Fotos;Shield--sxc-isah.jpg;FreeImages.com;isah;Shield;;;
Fotos;the way (stock.xchng -- coscurro).jpg;FreeImages.com;coscurro;;;;
Fotos;Waterfall-sxc-Exlan.jpg;FreeImages.com;Exlan;;;;
Fotos;wax seal--sxc-some_bo.jpg;FreeImages.com;some_bo;wax seal;;;
Fotos;Wine grape--sxc-OeuilDeNuit--freigestellt.png;FreeImages.com;OeuilDeNuit;Wine grape;;;
Clipart;dove_flame.svg;GraphicSoft;Sue Chastain;;;;
Clipart;Anonymous_Crown.svg;OpenClipart;Franck Doucet;;;;
Clipart;Anonymous_praying_hands.svg;OpenClipart;Lorenzo Luengo;;;;
Clipart;christ_on_the_cross.svg;OpenClipart;laobc;;;;
Clipart;couple2.svg;OpenClipart;presquesage;;;;
Clipart;cyberscooty_rip.svg;OpenClipart;cyberscooty;;;;
Clipart;detective.svg;OpenClipart;DooFi;;;;
Clipart;fire.svg;OpenClipart;Urs Roesch;;;;
Clipart;freedo_Glossy_Globe.svg;OpenClipart;freedo;;;;
Clipart;ghost.svg;OpenClipart;SeriousTux;;;;
Clipart;global_quiz_angel.svg;OpenClipart;global quiz;;;;
Clipart;horse50_1277949025.png;OpenClipart;horse50;;;;
Clipart;jesus_clipart.svg;OpenClipart;vectorsdaily;;;;
Clipart;johnny_automatic_imp.svg;OpenClipart;johnny_automatic;;;;
Clipart;johnny_automatic_open_book.png;OpenClipart;johnny_automatic;;;;
Clipart;laobc_cloud.svg;OpenClipart;laobc;;;;
Clipart;lunanaut_Cartoon_Globe.svg;OpenClipart;lunanaut;;;;
Clipart;MajinCline_Book.svg;OpenClipart;MajinCline;;;;
Clipart;marauder_satellite_dish_icon.png;OpenClipart;marauder;;;;
Clipart;monstara_Brain.svg;OpenClipart;monstara;;;;
Clipart;mr_johnnyp_jubilee_crown_blue.png;OpenClipart;mr_johnnyp;;;;
Clipart;pascallapalme_bulle3.svg;OpenClipart;pascallapalme;;;;
Clipart;pipo_saltcellar.svg;OpenClipart;pipo;;;;
Clipart;rip.svg;OpenClipart;inky2010;;;;
Clipart;RomanSoldier.svg;OpenClipart;TomBrough;;;;
Clipart;seal.svg;OpenClipart;gadgetscode;;;;
Clipart;secretlondon_Green_present.svg;OpenClipart;secretlondon;;;;
Clipart;shokunin_world_globe_icon.png;OpenClipart;shokunin;;;;
Clipart;Soeb_Microphone_symbol.svg;OpenClipart;Soeb;;;;
Clipart;thumbs_down.svg;OpenClipart;dagobert83+qubodup;;;;
Clipart;tom_Cherub_with_trumpet.svg;OpenClipart;tom;;;;
Clipart;voyeg3r_hand.svg;OpenClipart;voyeg3r;;;;
Clipart;wildchief_flames.svg;OpenClipart;wildchief;;;;
Clipart;xeolhades_mouth.svg;OpenClipart;xeolhades;;;;
Clipart;ying_yang.svg;OpenClipart;manio1;;;;
Clipart;wildchief_flames.svg;OpenClipart;wildchief;Flames;;;
Clipart;cyberscooty_rip.svg;OpenClipart;cyberscooty;RIP;;;
Clipart;tom_Cherub_with_trumpet.svg;OpenClipart;tom;Cherub with flames;;;
Clipart;johnny_automatic_imp.svg;OpenClipart;johnny_automatic;Imp;;;
Clipart;couple2.svg;OpenClipart;presquesage;Couple;;;
Clipart;pascallapalme_bulle3.svg;OpenClipart;pascallapalme;;;;
Clipart;monstara_Brain.svg;OpenClipart;monstara;Brain;;;
Clipart;voyeg3r_hand.svg;OpenClipart;voyeg3r;Hand;;;
Clipart;pipo_saltcellar.svg;OpenClipart;pipo;Salt cellar;;;
Clipart;ying_yang.svg;OpenClipart;manio1;;;;
Clipart;Anonymous_praying_hands.svg;OpenClipart;Lorenzo Luengo;;;;
Fotos;empty_tomb.jpg~original.jpeg;photobucket;sherrilee9;;;;
Fotos;119261_original_R_B_by_D.Gast_pixelio.de.png;pixelio.de;D.Gast;;;;
Fotos;126740_original_R_by_R. B._pixelio.de.jpg;pixelio.de;R. B.;;;;
Fotos;145938_original_R_by_Xenia Kehnen_pixelio.de.jpg;pixelio.de;Xenia Kehnen;;;;
Fotos;202556_original_R_K_B_by_Hans-Jakob Weinz_pixelio.de.jpg;pixelio.de;Hans-Jakob Weinz;;;;
Fotos;211444_original_R_K_B_by_stummi123_pixelio.de.jpg;pixelio.de;stummi123;;;;
Fotos;261045_original_R_K_by_pepsprog_pixelio.de.jpg;pixelio.de;pepsprog;;;;
Fotos;426606_original_R_B_by_Viktor Mildenberger_pixelio.de.jpg;pixelio.de;Viktor Mildenberger;;;;
Fotos;441972_original_R_K_B_by_M. Großmann_pixelio.de.jpg;pixelio.de;M. Großmann;;;;
Fotos;469149_original_R_K_by_Stefan Bayer_pixelio.de.jpg;pixelio.de;Stefan Bayer;;;;
Fotos;470015_original_R_by_Rike_pixelio.de.jpg;pixelio.de;Rike;;;;
Fotos;513638_original_R_K_B_by_Chris Beck_pixelio.de.jpg;pixelio.de;Chris Beck;;;;
Fotos;557271_original_R_by_Wolfgang Dirscherl_pixelio.de.jpg;pixelio.de;Wolfgang Dirscherl;;;;
Fotos;557271_original_R_by_Wolfgang Dirscherl_pixelio.de.png;pixelio.de;Wolfgang Dirscherl;;;;
Fotos;588611_original_R_K_by_Wolfgang Dirscherl_pixelio.de.jpg;pixelio.de;Wolfgang Dirscherl;;;;
Fotos;591275_original_R_by_Benjamin Klack_pixelio.de.jpg;pixelio.de;Benjamin Klack;;;;
Fotos;591340_original_R_by_Alexander Dreher_pixelio.de.jpg;pixelio.de;Alexander Dreher;;;;
Fotos;594965_original_R_B_by_Bernd Kasper_pixelio.de.jpg;pixelio.de;Bernd Kasper;;;;
Fotos;608803_original_R_K_B_by_Erika Grazilis_pixelio.de.png;pixelio.de;Erika Grazilis;;;;
Fotos;616073_original_R_by_Dieter Schütz_pixelio.de.jpg;pixelio.de;Dieter Schütz;;;;
Fotos;628923_original_R_by_Thorben Wengert_pixelio.de.jpg;pixelio.de;Thorben Wengert;;;;
Fotos;629476_original_R_K_B_by_Rainer Sturm_pixelio.de.jpg;pixelio.de;Rainer Sturm;;;;
Fotos;629822_original_R_K_by_Tony Hegewald_pixelio.de.jpg;pixelio.de;Tony Hegewald;;;;
Fotos;637321_original_R_K_B_by_GG-Berlin_pixelio.de.jpg;pixelio.de;GG-Berlin;;;;
Fotos;639018_original_R_K_B_by_rudolf ortner_pixelio.de.jpg;pixelio.de;rudolf ortner;;;;
Fotos;640447_original_R_by_birgitH_pixelio.de.jpg;pixelio.de;birgitH;;;;
Fotos;645447_original_R_K_B_by_Alexander Dreher_pixelio.de.jpg;pixelio.de;Alexander Dreher;;;;
Fotos;650639_original_R_by_www.Rudis-Fotoseite.de_pixelio.de.jpg;pixelio.de;www.Rudis-Fotoseite.de;;;;
Fotos;653165_original_R_K_by_siepmannH_pixelio.de.jpg;pixelio.de;siepmannH;;;;
Fotos;654380_original_R_by_Petra Hegewald_pixelio.de.jpg;pixelio.de;Petra Hegewald;;;;
Fotos;656129_original_R_by_gänseblümchen_pixelio.de.jpg;pixelio.de;gänseblümchen;;;;
Fotos;656191_original_R_K_by_lichtkunst.73_pixelio.de.jpg;pixelio.de;lichtkunst.73;;;;
Fotos;656457_original_R_K_B_by_Gila.H_pixelio.de.jpg;pixelio.de;Gila.H;;;;
Fotos;657492_original_R_K_B_by_Tilmann Jörg_pixelio.de.jpg;pixelio.de;Tilmann Jörg;;;;
Fotos;660045_original_R_by_mar.ina_pixelio.de.jpg;pixelio.de;mar.ina;;;;
Fotos;662817_original_R_by_angieconscious_pixelio.de.jpg;pixelio.de;angieconscious;;;;
Fotos;663178_original_R_K_B_by_Rolf Handke_pixelio.de.jpg;pixelio.de;Rolf Handke;;;;
Fotos;664253_original_R_K_B_by_Eva Ruth_pixelio.de.jpg;pixelio.de;Eva Ruth;;;;
Fotos;bread-and-wine.png;pixelio.de;Jakob Erhardt / cf;;;;
Fotos;telefon.png;pixelio.de;Osman Zöllner;;;;
Fotos;Martin_Luther_by_Lucas_Cranach_der_Ältere.jpeg;Public Domain;"Lucas Cranach d. Ä.""";" 1529"";"";Public Domain""";;;
Fotos;stop light.jpg;FreeImages.com;AlistairGo;;;;
CI;logo lifeguard neu mit text (auf weiss).jpg;Volksmission Freudenstadt;Christoph Fischer;;;;
Clipart;Die Bücher der Bibel.png;Volksmission Freudenstadt;Christoph Fischer;;;;
Clipart;Inhalte der Torah.jpg;Volksmission Freudenstadt;Christoph Fischer;;;;
Eigene Illustrationen;Missionsreisen.jpg;Volksmission Freudenstadt;Christoph Fischer;;;;
Eigene Illustrationen;Perichorese.jpg;Volksmission Freudenstadt;Christoph Fischer;;;;
Fotos;SIMG1524.JPG;Volksmission Freudenstadt;Christoph Fischer;;;;
Fotos;Alberskirch_Kapelle_Kreuzweg_1.jpg;Wikimedia Commons;Andreas Praefcke;"Filialkirche zur Schmerzhaften Muttergottes"""; Alberskirch; Ortschaft Taldorf;" Stadt Ravensburg"";GNU FDL 1.2"""
Fotos;Brachinus_spPCCA20060328-2821B.jpg;Wikimedia Commons;Patrick Coin;Bombardierkäfer;CC-BY-SA-2.5;;
Fotos;C.s.lewis3.JPG;Wikimedia Commons;Arthur Strong;"Scan of photograph by Arthur Strong""";" 1947"";Fair use""";;
ScreenBeans;163.svg;;;;;;
ScreenBeans;165.svg;;;;;;
ScreenBeans;167.svg;;;;;;
ScreenBeans;168.svg;;;;;;
ScreenBeans;222.svg;;;;;;
ScreenBeans;224.svg;;;;;;
ScreenBeans;225.svg;;;;;;
ScreenBeans;243.svg;;;;;;
ScreenBeans;248.svg;;;;;;
ScreenBeans;253.svg;;;;;;
ScreenBeans;315.svg;;;;;;
ScreenBeans;366.svg;;;;;;
ScreenBeans;372.svg;;;;;;
ScreenBeans;457.svg;;;;;;
ScreenBeans;55.svg;;;;;;
ScreenBeans;366.svg;;;;;;
ScreenBeans;372.svg;;;;;;
ScreenBeans;457.svg;;;;;;
ScreenBeans;Puzzled.svg;;;;;;
Clipart;Symbol Mann.png;Volksmission Freudenstadt;Christoph Fischer;;;;
Eigene Illustrationen;Diagramm Zehnter.png;Volksmission Freudenstadt;Christoph Fischer;;;;
Clipart;Volksmission_FDS_MV.jpg;Volksmission Freudenstadt;Christoph Fischer;;;;
Clipart;Volksmission_FDS_Älteste.jpg;Volksmission Freudenstadt;Christoph Fischer;;;;
Clipart;Volksmission_FDS_Gemeinderat.jpg;Volksmission Freudenstadt;Christoph Fischer;;;;
Fotos;Pastor Christoph Fischer.jpg;Volksmission Freudenstadt;Christoph Fischer;;;;
Fotos;Ionisches Kapitel.png;Wikimedia Commons;Ad Meskens;Ionisches Kapitel;CC-BY-SA-3.0;;
Fotos;clker_OCAL_Herz.png;clker.com;OCAL;Herz;clker_OCAL;;
Fotos;Donut.jpg;FreeImages.com;nazreth;Donut;;;
Eigene Illustrationen;Rätsel Biblische Autoren.png;Volksmission Freudenstadt;Christoph Fischer;;;;
Eigene Illustrationen;Rätsel Neues Leben.png;Volksmission Freudenstadt;Christoph Fischer;;;;
CI;Frauenfrühstück.jpg;Volksmission Freudenstadt;;;;;
Clipart;Volksmission_FDS_Haus.jpg;Volksmission Freudenstadt;Christoph Fischer;;;;
Eigene Illustrationen;Diagramm Zehnter.png;Volksmission Freudenstadt;Christoph Fischer;;;;
Clipart;GDJ_Jesus_Christ_Silhouette.svg;OpenClipart;GDJ;;;;
Clipart;TheFour.svg;thefour.com;Campus für Christus;;thefour.com Brand Guidelines;http://thefour.com/brand/
Clipart;dear_theophilus_throne.svg;OpenClipart;dear_theophilus;;;;
